{
    "format_version": "1.10.0",
    "animation_controllers": {
        "controller.animation.mtc949755_3": {
            "states": {
                "default": {
                    "transitions": [
                        {
                            "open": "query.variant >= 1 && query.variant <= 3"
                        }
                    ]
                },
                "open": {
                    "transitions": [
                        {
                            "default": "query.variant >= 11 && query.variant <= 13"
                        }
                    ],
                    "on_entry": [
                        "/function mtc/testSound",
                        "/playsound mtc949755_open @a[r=32,scores={mtc_sid=0}] ~ ~ ~ 10"
                    ],
                    "on_exit": [
                        "/function mtc/testSound",
                        "/playsound mtc949755_close @a[r=32,scores={mtc_sid=0}] ~ ~ ~ 10"
                    ]
                }
            }
        },
        "controller.animation.mtc949755_3_trace":{
            "states": {
                "default": {
                    "transitions": [
                        {
                            "next": "1"
                        }
                    ],
                    "on_entry": [
                        "/execute if score tick10 mtc_global <= c1 mtc_global run function mtc949755/tick10_3"
                    ]
                },
                "next":{
                    "transitions": [
                        {
                            "default": "1"
                        }
                    ]
                }
            }
        },
        "controller.animation.mtc949755_3_spawn":{
            "states": {
                "default": {
                    "transitions": [
                        {
                            "next": "1"
                        }
                    ]
                },
                "next":{
                    "transitions": [
                        {
                            "loop1": "1"
                        }
                    ],
                    "on_entry": [
                       "/execute unless entity @s[tag=mtc_init] run function mtc949755/initTrain"
                    ]
                },
                "loop1":{
                    "transitions": [
                        {
                            "loop2": "1"
                        }
                    ],
                    "on_entry": [
                       "/function mtc949755/curve_3",
                       "/execute if entity @s[tag=mtc_air1] run function mtc949755/break1",
                       "/execute if entity @s[tag=mtc_air2] run function mtc949755/break2"
                    ]
                },
                "loop2":{
                    "transitions": [
                        {
                            "loop1": "1"
                        }
                    ]
                }
            }
        }
    }
}