{
    "format_version": "1.8.0",
    "minecraft:client_entity": {
        "description": {
            "identifier": "mtc:mtc059019_2",
            "materials": {
                "default": "phantom",
                "invisible": "phantom_invisible"
            },
            "textures": {
                "default": "textures/entity/mtc059019_2"
            },
            "geometry": {
                "default": "geometry.c_mtc059019_2"
            },
            "animations": {
                "revinv": "animation.mtc059019_1.revinv",
                "ani1": "animation.mtc059019_1.ani1",
                "ani2": "animation.mtc059019_1.ani2",
                "ani3": "animation.mtc059019_1.ani3",
                "ani4": "animation.mtc059019_1.ani4",
                "ani5": "animation.mtc059019_1.ani5",
                "ani6": "animation.mtc059019_1.ani6",
                "ani7": "animation.mtc059019_1.ani7",
                "ani8": "animation.mtc059019_1.ani8",
                "ani9": "animation.mtc059019_1.ani9",
                "ani10": "animation.mtc059019_1.ani10",
                "ani11": "animation.mtc059019_1.ani11",
                "ani12": "animation.mtc059019_1.ani12",
                "wiper": "animation.mtc059019_1.wiper",
                "open_right": "animation.mtc059019_1.open_right",
                "open_left": "animation.mtc059019_1.open_left",
                "close_right": "animation.mtc059019_1.close_right",
                "close_left": "animation.mtc059019_1.close_left",
                "mode1": "animation.mtc059019_1.mode1",
                "mode2": "animation.mtc059019_1.mode2",
                "mode3": "animation.mtc059019_1.mode3",
                "mode4": "animation.mtc059019_1.mode4",
                "mode5": "animation.mtc059019_1.mode5",
                "mode6": "animation.mtc059019_1.mode6",
                "mode7": "animation.mtc059019_1.mode7",
                "mode8": "animation.mtc059019_1.mode8",
                "mas_b8": "animation.mtc059019_1.Mas_B8",
                "mas_b7": "animation.mtc059019_1.Mas_B7",
                "mas_b6": "animation.mtc059019_1.Mas_B6",
                "mas_b5": "animation.mtc059019_1.Mas_B5",
                "mas_b4": "animation.mtc059019_1.Mas_B4",
                "mas_b3": "animation.mtc059019_1.Mas_B3",
                "mas_b2": "animation.mtc059019_1.Mas_B2",
                "mas_b1": "animation.mtc059019_1.Mas_B1",
                "mas_nc": "animation.mtc059019_1.Mas_NC",
                "mas_p1": "animation.mtc059019_1.Mas_P1",
                "mas_p2": "animation.mtc059019_1.Mas_P2",
                "mas_p3": "animation.mtc059019_1.Mas_P3",
                "mas_p4": "animation.mtc059019_1.Mas_P4",
                "v_0": "animation.mtc059019_1.V_0",
                "v_1": "animation.mtc059019_1.V_1",
                "v_2": "animation.mtc059019_1.V_2",
                "v_3": "animation.mtc059019_1.V_3",
                "v_4": "animation.mtc059019_1.V_4",
                "v_5": "animation.mtc059019_1.V_5",
                "v_6": "animation.mtc059019_1.V_6",
                "v_7": "animation.mtc059019_1.V_7",
                "v_8": "animation.mtc059019_1.V_8",
                "v_9": "animation.mtc059019_1.V_9",
                "v_10": "animation.mtc059019_1.V_10",
                "v_11": "animation.mtc059019_1.V_11",
                "v_12": "animation.mtc059019_1.V_12",
                "v_13": "animation.mtc059019_1.V_13",
                "v_14": "animation.mtc059019_1.V_14",
                "v_15": "animation.mtc059019_1.V_15",
                "v_16": "animation.mtc059019_1.V_16",
                "v_17": "animation.mtc059019_1.V_17",
                "v_18": "animation.mtc059019_1.V_18",
                "v_19": "animation.mtc059019_1.V_19",
                "v_20": "animation.mtc059019_1.V_20",
                "v_21": "animation.mtc059019_1.V_21",
                "v_22": "animation.mtc059019_1.V_22",
                "v_23": "animation.mtc059019_1.V_23",
                "v_24": "animation.mtc059019_1.V_24",
                "v_25": "animation.mtc059019_1.V_25",
                "v_26": "animation.mtc059019_1.V_26",
                "v_27": "animation.mtc059019_1.V_27",
                "v_28": "animation.mtc059019_1.V_28",
                "v_29": "animation.mtc059019_1.V_29",
                "v_30": "animation.mtc059019_1.V_30",
                "v_31": "animation.mtc059019_1.V_31",
                "v_32": "animation.mtc059019_1.V_32",
                "v_33": "animation.mtc059019_1.V_33",
                "v_34": "animation.mtc059019_1.V_34",
                "v_35": "animation.mtc059019_1.V_35",
                "v_36": "animation.mtc059019_1.V_36",
                "v_37": "animation.mtc059019_1.V_37",
                "v_38": "animation.mtc059019_1.V_38",
                "v_39": "animation.mtc059019_1.V_39",
                "v_40": "animation.mtc059019_1.V_40",
                "v_41": "animation.mtc059019_1.V_41",
                "v_42": "animation.mtc059019_1.V_42",
                "v_43": "animation.mtc059019_1.V_43",
                "v_44": "animation.mtc059019_1.V_44",
                "v_45": "animation.mtc059019_1.V_45",
                "v_46": "animation.mtc059019_1.V_46",
                "v_47": "animation.mtc059019_1.V_47",
                "v_48": "animation.mtc059019_1.V_48",
                "v_49": "animation.mtc059019_1.V_49",
                "v_50": "animation.mtc059019_1.V_50",
                "v_51": "animation.mtc059019_1.V_51",
                "v_52": "animation.mtc059019_1.V_52",
                "v_53": "animation.mtc059019_1.V_53",
                "v_54": "animation.mtc059019_1.V_54",
                "v_55": "animation.mtc059019_1.V_55",
                "v_56": "animation.mtc059019_1.V_56",
                "v_57": "animation.mtc059019_1.V_57",
                "v_58": "animation.mtc059019_1.V_58",
                "v_59": "animation.mtc059019_1.V_59",
                "v_60": "animation.mtc059019_1.V_60",
                "v_61": "animation.mtc059019_1.V_61",
                "v_62": "animation.mtc059019_1.V_62",
                "v_63": "animation.mtc059019_1.V_63",
                "v_64": "animation.mtc059019_1.V_64",
                "v_65": "animation.mtc059019_1.V_65",
                "v_66": "animation.mtc059019_1.V_66",
                "v_67": "animation.mtc059019_1.V_67",
                "v_68": "animation.mtc059019_1.V_68",
                "v_69": "animation.mtc059019_1.V_69",
                "v_70": "animation.mtc059019_1.V_70",
                "v_71": "animation.mtc059019_1.V_71",
                "v_72": "animation.mtc059019_1.V_72",
                "v_73": "animation.mtc059019_1.V_73",
                "v_74": "animation.mtc059019_1.V_74",
                "v_75": "animation.mtc059019_1.V_75",
                "v_76": "animation.mtc059019_1.V_76",
                "v_77": "animation.mtc059019_1.V_77",
                "v_78": "animation.mtc059019_1.V_78",
                "v_79": "animation.mtc059019_1.V_79",
                "v_80": "animation.mtc059019_1.V_80",
                "v_81": "animation.mtc059019_1.V_81",
                "v_82": "animation.mtc059019_1.V_82",
                "v_83": "animation.mtc059019_1.V_83",
                "v_84": "animation.mtc059019_1.V_84",
                "v_85": "animation.mtc059019_1.V_85",
                "v_86": "animation.mtc059019_1.V_86",
                "v_87": "animation.mtc059019_1.V_87",
                "v_88": "animation.mtc059019_1.V_88",
                "v_89": "animation.mtc059019_1.V_89",
                "v_90": "animation.mtc059019_1.V_90",
                "v_91": "animation.mtc059019_1.V_91",
                "v_92": "animation.mtc059019_1.V_92",
                "v_93": "animation.mtc059019_1.V_93",
                "v_94": "animation.mtc059019_1.V_94",
                "v_95": "animation.mtc059019_1.V_95",
                "v_96": "animation.mtc059019_1.V_96",
                "v_97": "animation.mtc059019_1.V_97",
                "v_98": "animation.mtc059019_1.V_98",
                "v_99": "animation.mtc059019_1.V_99",
                "v_100": "animation.mtc059019_1.V_100",
                "v_101": "animation.mtc059019_1.V_101",
                "v_102": "animation.mtc059019_1.V_102",
                "v_103": "animation.mtc059019_1.V_103",
                "v_104": "animation.mtc059019_1.V_104",
                "v_105": "animation.mtc059019_1.V_105",
                "v_106": "animation.mtc059019_1.V_106",
                "v_107": "animation.mtc059019_1.V_107",
                "v_108": "animation.mtc059019_1.V_108",/*e93ff5aabc031a32212e80e1899741c5a13097d6e45da27d13ff42a170df52db*/
                "v_109": "animation.mtc059019_1.V_109",
                "v_110": "animation.mtc059019_1.V_110",
                "v_111": "animation.mtc059019_1.V_111",
                "v_112": "animation.mtc059019_1.V_112",
                "v_113": "animation.mtc059019_1.V_113",
                "v_114": "animation.mtc059019_1.V_114",
                "v_115": "animation.mtc059019_1.V_115",
                "v_116": "animation.mtc059019_1.V_116",
                "v_117": "animation.mtc059019_1.V_117",
                "v_118": "animation.mtc059019_1.V_118",
                "v_119": "animation.mtc059019_1.V_119",
                "v_120": "animation.mtc059019_1.V_120",
                "v_121": "animation.mtc059019_1.V_121",
                "v_122": "animation.mtc059019_1.V_122",
                "v_123": "animation.mtc059019_1.V_123",
                "v_124": "animation.mtc059019_1.V_124",
                "v_125": "animation.mtc059019_1.V_125",
                "v_126": "animation.mtc059019_1.V_126",
                "v_127": "animation.mtc059019_1.V_127",
                "v_128": "animation.mtc059019_1.V_128",
                "v_129": "animation.mtc059019_1.V_129",
                "v_130": "animation.mtc059019_1.V_130",
                "v_131": "animation.mtc059019_1.V_131",
                "v_132": "animation.mtc059019_1.V_132",
                "v_133": "animation.mtc059019_1.V_133",
                "v_134": "animation.mtc059019_1.V_134",
                "v_135": "animation.mtc059019_1.V_135",
                "v_136": "animation.mtc059019_1.V_136",
                "v_137": "animation.mtc059019_1.V_137",
                "v_138": "animation.mtc059019_1.V_138",
                "v_139": "animation.mtc059019_1.V_139",
                "v_140": "animation.mtc059019_1.V_140",
                "v_141": "animation.mtc059019_1.V_141",
                "v_142": "animation.mtc059019_1.V_142",
                "v_143": "animation.mtc059019_1.V_143",
                "v_144": "animation.mtc059019_1.V_144",
                "v_145": "animation.mtc059019_1.V_145",
                "v_146": "animation.mtc059019_1.V_146",
                "v_147": "animation.mtc059019_1.V_147",
                "v_148": "animation.mtc059019_1.V_148",
                "v_149": "animation.mtc059019_1.V_149",
                "v_150": "animation.mtc059019_1.V_150",
                "v_151": "animation.mtc059019_1.V_151",
                "v_152": "animation.mtc059019_1.V_152",
                "v_153": "animation.mtc059019_1.V_153",
                "v_154": "animation.mtc059019_1.V_154",
                "v_155": "animation.mtc059019_1.V_155",
                "v_156": "animation.mtc059019_1.V_156",
                "v_157": "animation.mtc059019_1.V_157",
                "v_158": "animation.mtc059019_1.V_158",
                "v_159": "animation.mtc059019_1.V_159",
                "v_160": "animation.mtc059019_1.V_160",
                "v_161": "animation.mtc059019_1.V_161",
                "v_162": "animation.mtc059019_1.V_162",
                "v_163": "animation.mtc059019_1.V_163",
                "v_164": "animation.mtc059019_1.V_164",
                "v_165": "animation.mtc059019_1.V_165",
                "v_166": "animation.mtc059019_1.V_166",
                "v_167": "animation.mtc059019_1.V_167",
                "v_168": "animation.mtc059019_1.V_168",
                "v_169": "animation.mtc059019_1.V_169",
                "v_170": "animation.mtc059019_1.V_170",
                "v_171": "animation.mtc059019_1.V_171",
                "v_172": "animation.mtc059019_1.V_172",
                "v_173": "animation.mtc059019_1.V_173",
                "v_174": "animation.mtc059019_1.V_174",
                "v_175": "animation.mtc059019_1.V_175",
                "v_176": "animation.mtc059019_1.V_176",
                "v_177": "animation.mtc059019_1.V_177",
                "v_178": "animation.mtc059019_1.V_178",
                "v_179": "animation.mtc059019_1.V_179",
                "v_180": "animation.mtc059019_1.V_180",
                "v_181": "animation.mtc059019_1.V_181",
                "v_182": "animation.mtc059019_1.V_182",
                "v_183": "animation.mtc059019_1.V_183",
                "v_184": "animation.mtc059019_1.V_184",
                "v_185": "animation.mtc059019_1.V_185",
                "v_186": "animation.mtc059019_1.V_186",
                "v_187": "animation.mtc059019_1.V_187",
                "v_188": "animation.mtc059019_1.V_188",
                "v_189": "animation.mtc059019_1.V_189",
                "v_190": "animation.mtc059019_1.V_190",
                "v_191": "animation.mtc059019_1.V_191",
                "v_192": "animation.mtc059019_1.V_192",
                "v_193": "animation.mtc059019_1.V_193",
                "v_194": "animation.mtc059019_1.V_194",
                "v_195": "animation.mtc059019_1.V_195",
                "v_196": "animation.mtc059019_1.V_196",
                "v_197": "animation.mtc059019_1.V_197",
                "v_198": "animation.mtc059019_1.V_198",
                "v_199": "animation.mtc059019_1.V_199",
                "v_200": "animation.mtc059019_1.V_200",
                "v_201": "animation.mtc059019_1.V_201",
                "v_202": "animation.mtc059019_1.V_202",
                "v_203": "animation.mtc059019_1.V_203",
                "v_204": "animation.mtc059019_1.V_204",
                "v_205": "animation.mtc059019_1.V_205",
                "v_206": "animation.mtc059019_1.V_206",
                "v_207": "animation.mtc059019_1.V_207",
                "v_208": "animation.mtc059019_1.V_208",
                "v_209": "animation.mtc059019_1.V_209",
                "v_210": "animation.mtc059019_1.V_210",
                "v_211": "animation.mtc059019_1.V_211",
                "v_212": "animation.mtc059019_1.V_212",
                "v_213": "animation.mtc059019_1.V_213",
                "v_214": "animation.mtc059019_1.V_214",
                "v_215": "animation.mtc059019_1.V_215",
                "v_216": "animation.mtc059019_1.V_216",
                "v_217": "animation.mtc059019_1.V_217",
                "v_218": "animation.mtc059019_1.V_218",
                "v_219": "animation.mtc059019_1.V_219",
                "v_220": "animation.mtc059019_1.V_220",
                "v_221": "animation.mtc059019_1.V_221",
                "v_222": "animation.mtc059019_1.V_222",
                "v_223": "animation.mtc059019_1.V_223",
                "v_224": "animation.mtc059019_1.V_224",
                "v_225": "animation.mtc059019_1.V_225",
                "v_226": "animation.mtc059019_1.V_226",
                "v_227": "animation.mtc059019_1.V_227",
                "v_228": "animation.mtc059019_1.V_228",
                "v_229": "animation.mtc059019_1.V_229",
                "v_230": "animation.mtc059019_1.V_230",
                "v_231": "animation.mtc059019_1.V_231",
                "v_232": "animation.mtc059019_1.V_232",
                "v_233": "animation.mtc059019_1.V_233",
                "v_234": "animation.mtc059019_1.V_234",
                "v_235": "animation.mtc059019_1.V_235",
                "v_236": "animation.mtc059019_1.V_236",
                "v_237": "animation.mtc059019_1.V_237",
                "v_238": "animation.mtc059019_1.V_238",
                "v_239": "animation.mtc059019_1.V_239",
                "v_240": "animation.mtc059019_1.V_240",
                "v_241": "animation.mtc059019_1.V_241",
                "v_242": "animation.mtc059019_1.V_242",
                "v_243": "animation.mtc059019_1.V_243",
                "v_244": "animation.mtc059019_1.V_244",
                "v_245": "animation.mtc059019_1.V_245",
                "v_246": "animation.mtc059019_1.V_246",
                "v_247": "animation.mtc059019_1.V_247",
                "v_248": "animation.mtc059019_1.V_248",
                "v_249": "animation.mtc059019_1.V_249",
                "v_250": "animation.mtc059019_1.V_250",
                "v_251": "animation.mtc059019_1.V_251",
                "v_252": "animation.mtc059019_1.V_252",
                "v_253": "animation.mtc059019_1.V_253",
                "v_254": "animation.mtc059019_1.V_254",
                "v_255": "animation.mtc059019_1.V_255",
                "v_256": "animation.mtc059019_1.V_256",
                "v_257": "animation.mtc059019_1.V_257",
                "v_258": "animation.mtc059019_1.V_258",
                "v_259": "animation.mtc059019_1.V_259",
                "v_260": "animation.mtc059019_1.V_260",
                "v_261": "animation.mtc059019_1.V_261",
                "v_262": "animation.mtc059019_1.V_262",
                "v_263": "animation.mtc059019_1.V_263",
                "v_264": "animation.mtc059019_1.V_264",
                "v_265": "animation.mtc059019_1.V_265",
                "v_266": "animation.mtc059019_1.V_266",
                "v_267": "animation.mtc059019_1.V_267",
                "v_268": "animation.mtc059019_1.V_268",
                "v_269": "animation.mtc059019_1.V_269",
                "v_270": "animation.mtc059019_1.V_270",
                "v_271": "animation.mtc059019_1.V_271",
                "v_272": "animation.mtc059019_1.V_272",
                "v_273": "animation.mtc059019_1.V_273",
                "v_274": "animation.mtc059019_1.V_274",
                "v_275": "animation.mtc059019_1.V_275",
                "v_276": "animation.mtc059019_1.V_276",
                "v_277": "animation.mtc059019_1.V_277",
                "v_278": "animation.mtc059019_1.V_278",
                "v_279": "animation.mtc059019_1.V_279",
                "v_280": "animation.mtc059019_1.V_280",
                "v_281": "animation.mtc059019_1.V_281",
                "v_282": "animation.mtc059019_1.V_282",
                "v_283": "animation.mtc059019_1.V_283",
                "v_284": "animation.mtc059019_1.V_284",
                "v_285": "animation.mtc059019_1.V_285",
                "v_286": "animation.mtc059019_1.V_286",
                "v_287": "animation.mtc059019_1.V_287",
                "v_288": "animation.mtc059019_1.V_288",
                "v_289": "animation.mtc059019_1.V_289",
                "v_290": "animation.mtc059019_1.V_290",
                "v_291": "animation.mtc059019_1.V_291",
                "v_292": "animation.mtc059019_1.V_292",
                "v_293": "animation.mtc059019_1.V_293",
                "v_294": "animation.mtc059019_1.V_294",
                "v_295": "animation.mtc059019_1.V_295",
                "v_296": "animation.mtc059019_1.V_296",
                "v_297": "animation.mtc059019_1.V_297",
                "v_298": "animation.mtc059019_1.V_298",
                "v_299": "animation.mtc059019_1.V_299",
                "v_300": "animation.mtc059019_1.V_300",
                "v_301": "animation.mtc059019_1.V_301",
                "v_302": "animation.mtc059019_1.V_302",
                "v_303": "animation.mtc059019_1.V_303",
                "v_304": "animation.mtc059019_1.V_304",
                "v_305": "animation.mtc059019_1.V_305",
                "v_306": "animation.mtc059019_1.V_306",
                "v_307": "animation.mtc059019_1.V_307",
                "v_308": "animation.mtc059019_1.V_308",
                "v_309": "animation.mtc059019_1.V_309",
                "v_310": "animation.mtc059019_1.V_310",
                "v_311": "animation.mtc059019_1.V_311",
                "v_312": "animation.mtc059019_1.V_312",
                "v_313": "animation.mtc059019_1.V_313",
                "v_314": "animation.mtc059019_1.V_314",
                "v_315": "animation.mtc059019_1.V_315",
                "v_316": "animation.mtc059019_1.V_316",
                "v_317": "animation.mtc059019_1.V_317",
                "v_318": "animation.mtc059019_1.V_318",
                "v_319": "animation.mtc059019_1.V_319",
                "v_320": "animation.mtc059019_1.V_320",
                "v_321": "animation.mtc059019_1.V_321",
                "v_322": "animation.mtc059019_1.V_322",
                "v_323": "animation.mtc059019_1.V_323",
                "v_324": "animation.mtc059019_1.V_324",
                "v_325": "animation.mtc059019_1.V_325",
                "v_326": "animation.mtc059019_1.V_326",
                "v_327": "animation.mtc059019_1.V_327",
                "v_328": "animation.mtc059019_1.V_328",
                "v_329": "animation.mtc059019_1.V_329",
                "v_330": "animation.mtc059019_1.V_330",
                "v_331": "animation.mtc059019_1.V_331",
                "v_332": "animation.mtc059019_1.V_332",
                "v_333": "animation.mtc059019_1.V_333",
                "v_334": "animation.mtc059019_1.V_334",
                "v_335": "animation.mtc059019_1.V_335",
                "v_336": "animation.mtc059019_1.V_336",
                "v_337": "animation.mtc059019_1.V_337",
                "v_338": "animation.mtc059019_1.V_338",
                "v_339": "animation.mtc059019_1.V_339",
                "v_340": "animation.mtc059019_1.V_340",
                "v_341": "animation.mtc059019_1.V_341",
                "v_342": "animation.mtc059019_1.V_342",
                "v_343": "animation.mtc059019_1.V_343",
                "v_344": "animation.mtc059019_1.V_344",
                "v_345": "animation.mtc059019_1.V_345",
                "v_346": "animation.mtc059019_1.V_346",
                "v_347": "animation.mtc059019_1.V_347",
                "v_348": "animation.mtc059019_1.V_348",
                "v_349": "animation.mtc059019_1.V_349",
                "v_350": "animation.mtc059019_1.V_350",
                "v_351": "animation.mtc059019_1.V_351",
                "v_352": "animation.mtc059019_1.V_352",
                "v_353": "animation.mtc059019_1.V_353",
                "v_354": "animation.mtc059019_1.V_354",
                "v_355": "animation.mtc059019_1.V_355",
                "v_356": "animation.mtc059019_1.V_356",
                "v_357": "animation.mtc059019_1.V_357",
                "v_358": "animation.mtc059019_1.V_358",
                "v_359": "animation.mtc059019_1.V_359",
                "v_360": "animation.mtc059019_1.V_360"
            },
            "animation_controllers": [
                {
                    "mtc059019_1_controller1": "controller.animation.mtc059019_1.mtc059019_1_ct1"
                },
                {
                    "mtc059019_1_controller2": "controller.animation.mtc059019_1.mtc059019_1_ct2"
                },
                {
                    "mtc059019_1_controller4": "controller.animation.mtc059019_1.mtc059019_1_ct4"
                },
                {
                    "mtc059019_1_controller5": "controller.animation.mtc059019_1.mtc059019_1_ct5"
                }
            ],
            "render_controllers": [
                "controller.render.phantom"
            ],
            "spawn_egg": {
                "texture": "spawn_mtc059019",
                "texture_index": 0
            }
        }
    }
}